track,artist,playcount,listeners,mbid,date_fetched
Last Christmas,Wham!,15232970,1994349,b7c17cf1-15cb-446b-9194-6bcdd5e9041a,2025-12-24 16:58:57.439253
The Fate of Ophelia,Taylor Swift,17549064,827737,8670a098-6ab7-4e18-8ac0-0ec7259151f8,2025-12-24 16:58:57.439253
Rockin' Around the Christmas Tree,Brenda Lee,8815168,1679032,957b4bfb-bfcb-450a-b82d-9e02f2abc896,2025-12-24 16:58:57.439253
All I Want for Christmas Is You,Mariah Carey,19813219,2188519,a6fab057-cf3a-4456-950e-d3edaf219326,2025-12-24 16:58:57.439253
Fame Is a Gun,Addison Rae,12706638,731926,8a5a12d3-e00d-450b-8c26-e4f4495f9ea7,2025-12-24 16:58:57.439253
WHERE IS MY HUSBAND!,RAYE,5775241,641576,8493b88b-faf1-4735-b329-2366ad52b955,2025-12-24 16:58:57.439253
Santa Tell Me,Ariana Grande,9989449,1344647,23b8b7c9-79fd-48c9-85d0-ea82e2b0718b,2025-12-24 16:58:57.439253
Jingle Bell Rock,Bobby Helms,7843597,1652474,ccabfe00-2609-4e92-90c8-fa9ba01a4270,2025-12-24 16:58:57.439253
back to friends,sombr,19288578,1208897,e374d8c3-da4b-42ce-84dd-26f7236907c3,2025-12-24 16:58:57.439253
End of Beginning,Djo,27695071,1701392,74f3b043-c0b4-4590-8c10-bfc4e3a06fef,2025-12-24 16:58:57.439253
Creep,Radiohead,55616733,3910932,,2025-12-24 16:58:57.439253
Sienna,The Marías,15502805,1001850,f3db7473-3a61-4053-a7ce-a8fe29dbe5fa,2025-12-24 16:58:57.439253
The Less I Know the Better,Tame Impala,44193708,2573272,78be434c-0908-458f-9693-f16cdebb68ef,2025-12-24 16:58:57.439253
No One Noticed,The Marías,28427071,1403591,d13a634b-9f69-4256-9415-b7e95aac101d,2025-12-24 16:58:57.439253
"Good Luck, Babe!",Chappell Roan,55513611,1963716,9d97dc85-01e2-400e-8a3f-40cd4790de59,2025-12-24 16:58:57.439253
Tears,Sabrina Carpenter,11534889,871723,11d44ae8-4fd9-4bec-94fb-06f6a7e40d66,2025-12-24 16:58:57.439253
Manchild,Sabrina Carpenter,18294768,1047835,fdcaa0b1-f428-4769-bc1c-a0033196562f,2025-12-24 16:58:57.439253
Let It Snow! Let It Snow! Let It Snow!,Dean Martin,5732789,1291493,341e950c-97f2-4ed6-8851-ea0a0af6a2da,2025-12-24 16:58:57.439253
4 Raws,EsDeeKid,4399417,376382,747aa723-f6ec-4ef7-81a6-8e05cedbce2b,2025-12-24 16:58:57.439253
I Thought I Saw Your Face Today,She & Him,3409644,496138,06332d33-891e-32ac-98c4-f564e7babffd,2025-12-24 16:58:57.439253
Let Down,Radiohead,35875091,2353918,9e3e014f-14d1-47da-9712-0dc1dfe00421,2025-12-24 16:58:57.439253
Dracula,Tame Impala,5660054,706993,5b1c893a-16da-4e3d-b9b7-6cc57afc360c,2025-12-24 16:58:57.439253
So Easy (To Fall In Love),Olivia Dean,3867462,538619,,2025-12-24 16:58:57.439253
Phantom,EsDeeKid,4908739,388685,,2025-12-24 16:58:57.439253
Gabriela,KATSEYE,14099635,827658,dc28871e-b219-4c6b-a6fc-0b863b0e607d,2025-12-24 16:58:57.439253
Every Breath You Take,The Police,23726772,2647591,,2025-12-24 16:58:57.439253
505,Arctic Monkeys,53864602,2862742,1025dd60-a781-4f30-8b12-2ab8bdef509c,2025-12-24 16:58:57.439253
Man I Need,Olivia Dean,5063413,578736,cba278b0-f241-41ee-bf7c-6c20c3e69571,2025-12-24 16:58:57.439253
Underneath the Tree,Kelly Clarkson,5541517,1005473,,2025-12-24 16:58:57.439253
BIRDS OF A FEATHER,Billie Eilish,51813108,2095373,3a7e1970-069c-4761-a6b2-9046e54406bc,2025-12-24 16:58:57.439253
It's the Most Wonderful Time of the Year,Andy Williams,6320801,1300844,,2025-12-24 16:58:57.439253
Lovers Rock,TV Girl,46571019,2035704,0a12c26b-c3be-4c9e-a963-a8719f7f2dcc,2025-12-24 16:58:57.439253
NOT CUTE ANYMORE,ILLIT,3034241,237127,,2025-12-24 16:58:57.439253
Feel Good Inc.,Gorillaz,36776852,3095459,,2025-12-24 16:58:57.439253
No Surprises,Radiohead,51578222,3241095,,2025-12-24 16:58:57.439253
Golden,HUNTR/X,14191503,890104,f40cee59-ae8b-45cf-98e8-9c7278dbd821,2025-12-24 16:58:57.439253
Stateside + Zara Larsson,PinkPantheress,2888058,308260,ffbf7862-2476-4164-ac32-f5904ccefe0f,2025-12-24 16:58:57.439253
Diet Pepsi,Addison Rae,21163486,993804,49da01a2-aecd-4449-83f6-c81ca5de7321,2025-12-24 16:58:57.439253
See You Again (feat. Kali Uchis),"Tyler, The Creator",53564815,2431520,956006c8-bcee-4da4-b4dd-d3b7afc97dbd,2025-12-24 16:58:57.439253
Sweater Weather,The Neighbourhood,46633708,2812121,c57fc620-9ca2-40be-95ec-2c498a2151a8,2025-12-24 16:58:57.439253
Snowman,Sia,7585547,1026873,6684c04e-ff15-4e47-83c6-0a09215c111f,2025-12-24 16:58:57.439253
"Lover, You Should've Come Over",Jeff Buckley,27045231,1472077,,2025-12-24 16:58:57.439253
When Did You Get Hot?,Sabrina Carpenter,9174338,710380,6af83cf4-2b5e-4bcf-aa04-5921ae79416c,2025-12-24 16:58:57.439253
Timeless (Feat Playboi Carti),The Weeknd,11416483,966618,60cae8b4-815e-4794-abaf-3f7e721936d8,2025-12-24 16:58:57.439253
It's Beginning to Look a Lot Like Christmas,Michael Bublé,6529100,1262908,0a693e71-841c-4ea1-96fa-0967a7eb1a5c,2025-12-24 16:58:57.439253
Gnarly,KATSEYE,17715122,831732,1ef274d8-0be7-4ea1-941c-5e643a1b8a5c,2025-12-24 16:58:57.439253
Duvet,bôa,37525114,1828688,3f320603-c50a-4d6f-9b64-55f04528046a,2025-12-24 16:58:57.439253
No Pole,Don Toliver,14787765,907427,c44742a1-ef4a-4493-84d6-969ef837d125,2025-12-24 16:58:57.439253
Midnight Sun,Zara Larsson,5391559,359348,5ff19d51-5018-4410-bfa0-db0468058353,2025-12-24 16:58:57.439253
Iris,The Goo Goo Dolls,27914895,2150677,49c04d28-280a-4bfb-afb5-a5affcb373e9,2025-12-24 16:58:57.439253
Opalite,Taylor Swift,9953579,592444,0e97f221-a290-477b-89e6-e6aab368d223,2025-12-24 16:58:57.439253
House Tour,Sabrina Carpenter,8416630,597727,6095702d-b48f-46a9-80a3-4f5723fe3b28,2025-12-24 16:58:57.439253
All I Need,Radiohead,37774124,2334080,79067ee1-807a-4e36-a664-5c160df6de58,2025-12-24 16:58:57.439253
CHANEL,Tyla,2137644,271845,a72d8fdb-e12f-439c-b674-f924aab78f86,2025-12-24 16:58:57.439253
Lush Life,Zara Larsson,10045471,1149715,ea31f8e4-9925-40dd-b37d-bd37ef3918c6,2025-12-24 16:58:57.439253
The Subway,Chappell Roan,13992566,851182,3d510771-8760-46bf-b8eb-6b163f7fd1c6,2025-12-24 16:58:57.439253
Espresso,Sabrina Carpenter,51975479,2047167,ef5b2556-66ff-4217-9a7b-170ac3ed3a89,2025-12-24 16:58:57.439253
The Christmas Song (Merry Christmas To You),Nat King Cole,4093025,968026,a2f5b0c0-787a-40e3-9a96-012fba9b58fd,2025-12-24 16:58:57.439253
SPAGHETTI,LE SSERAFIM,30059258,331622,,2025-12-24 16:58:57.439253
LES,Childish Gambino,23635525,1331507,bb5cb487-a780-38f0-b69b-14ed7a652cd0,2025-12-24 16:58:57.439253
Sleigh Ride,The Ronettes,4412565,1047743,,2025-12-24 16:58:57.439253
Happy Xmas (War Is Over) - Remastered 2010,John Lennon,3736266,779410,dc517f67-3e5c-4ca8-98f5-befe8deb1199,2025-12-24 16:58:57.439253
Wonderful Christmastime - Edited Version / Remastered 2011,Paul McCartney,3315269,746723,05b4fc6f-d333-4bcd-b919-101871ff5686,2025-12-24 16:58:57.439253
Dreams - 2004 Remaster,Fleetwood Mac,25367456,1836626,248cc9d1-97ea-493e-84d4-4c5ec718683b,2025-12-24 16:58:57.439253
LV Sandals,EsDeeKid,5239952,370556,c817bb5b-6596-4d88-a5c9-b40875aac84b,2025-12-24 16:58:57.439253
Nobody’s Son,Sabrina Carpenter,8260510,602764,,2025-12-24 16:58:57.439253
Sports car,Tate McRae,18647810,815070,62cabe70-9c46-4d9a-899c-91c361b679d8,2025-12-24 16:58:57.439253
Apocalypse,Cigarettes After Sex,39052857,1973736,a847bc14-7d8e-4009-ae3c-e7b60ecc71d3,2025-12-24 16:58:57.439253
Mistletoe,Justin Bieber,5370489,989377,,2025-12-24 16:58:57.439253
Holly Jolly Christmas,Michael Bublé,4435553,1031070,26a33c7b-93c1-489a-b170-4d593dd50d68,2025-12-24 16:58:57.439253
Mr. Brightside,The Killers,47488751,3508032,,2025-12-24 16:58:57.439253
There Is a Light That Never Goes Out - 2011 Remaster,The Smiths,27894112,1772121,449b6c10-9dae-4b6a-9af7-27a31507393a,2025-12-24 16:58:57.439253
Sparks,Coldplay,34810322,2423900,22d49305-4e35-4a69-8638-05ac5f734065,2025-12-24 16:58:57.439253
Flashing Lights,Kanye West,34035682,2066817,079c71c1-6916-4527-bef0-c8d67acdd2c5,2025-12-24 16:58:57.439253
Borderline,Tame Impala,26652364,1808215,6c337c9d-8637-4720-9af2-d914019149b8,2025-12-24 16:58:57.439253
Pink + White,Frank Ocean,56158808,2322748,0e360068-12c7-4012-853c-6a6011e0b36a,2025-12-24 16:58:57.439253
Feliz Navidad,José Feliciano,4593561,1061607,7267a624-63f8-49e3-ad4b-414d59a96119,2025-12-24 16:58:57.439253
luther (with SZA),Kendrick Lamar,25238396,1422011,c8991a8c-1958-4e21-9615-568161d32286,2025-12-24 16:58:57.439253
Into You,Ariana Grande,24257584,1562940,d64c6f5a-f529-468c-9a23-6bcdb213d14f,2025-12-24 16:58:57.439253
WILDFLOWER,Billie Eilish,32540108,1506637,5afa33bb-83f6-42c6-b789-8bfa34c48b50,2025-12-24 16:58:57.439253
undressed,sombr,12844124,972197,84fdf3e4-e5ae-4362-a04f-a53734b1b1ef,2025-12-24 16:58:57.439253
The Chain - 2004 Remaster,Fleetwood Mac,20138655,1630945,cd06c484-9319-4376-a104-504871e19756,2025-12-24 16:58:57.439253
Christmas (Baby Please Come Home),Darlene Love,3260508,812114,,2025-12-24 16:58:57.439253
Fade Into You,Mazzy Star,30958285,2037044,,2025-12-24 16:58:57.439253
Sailor Song,Gigi Perez,24545136,1147415,05ec0220-311a-4660-a551-f59b17b49421,2025-12-24 16:58:57.439253
like JENNIE,Jennie,16259978,681212,6622c9da-d435-4ab6-9044-ce1869b916fe,2025-12-24 16:58:57.439253
From the Start,Laufey,24809886,1377147,2d60d854-bbae-4f81-80f9-bed406d17a10,2025-12-24 16:58:57.439253
Von dutch,Charli xcx,28965626,1345027,56571e59-3c81-4cc2-8959-7aa356a68545,2025-12-24 16:58:57.439253
Century,EsDeeKid,2336034,233090,665836e7-a7bb-4fbf-a830-e551f4027c0f,2025-12-24 16:58:57.439253
All I Wanted,Paramore,21404666,1605412,0516b5b0-de25-391d-a668-c79ad3854ff4,2025-12-24 16:58:57.439253
SUGAR ON MY TONGUE,"Tyler, The Creator",10190293,1100110,4a403575-fb56-4a9a-a8d8-9f080e808de0,2025-12-24 16:58:57.439253
Linger,The Cranberries,30236565,2314903,,2025-12-24 16:58:57.439253
party 4 u,Charli xcx,17881456,1089395,fb3bf579-9379-4bf3-984a-57ff8c85fe38,2025-12-24 16:58:57.439253
Promiscuous,Nelly Furtado,20471867,2130244,,2025-12-24 16:58:57.439253
"All The Stars (with SZA) - From ""Black Panther: The Album""",Kendrick Lamar,4362805,784372,0cc24b99-6d34-4d86-a89b-664059a22f67,2025-12-24 16:58:57.439253
Everybody Wants to Rule the World,Tears for Fears,29587417,2657096,0ecd84b9-0874-34e8-b412-50c711f87516,2025-12-24 16:58:57.439253
we can't be friends (wait for your love),Ariana Grande,32418445,1308313,b6587011-5a7c-4664-82ad-7a6368f4bd99,2025-12-24 16:58:57.439253
12 to 12,sombr,6101143,599594,aa4d95ad-3db9-45c0-a11e-6094765cc0d4,2025-12-24 16:58:57.439253
Sextape,Deftones,25692912,1443740,e6aaa0a9-3ad2-382e-a83f-25c2795d1e78,2025-12-24 16:58:57.439253
Bring Me to Life,Evanescence,28069073,2685724,,2025-12-24 16:58:57.439253
